"rank","name","key","vendor","installs","downloads","reviews","stars","last_modified","release_date","cloud_version_found","min_annual_price_usd","price_500_users_usd","price_2000_users_usd","tagline","marketplace_url","seller_status","paid_customers","revenue","asking_price","transfer_interest"
"1","Switch User (SU) for Jira","com.dolby.atlassian.jira.jirasu","The Plugin People","491","45674","26","4.9038463","2026-07-03T15:20:42.582Z","2026-07-03","false","50","600","1250","Be the user you seek","https://marketplace.atlassian.com/apps/5043/switch-user-su-for-jira?tab=overview","unknown","unknown","unknown","unknown","unknown"
"2","Power Database Fields","com.keplerrominfo.jira.plugins.databasecf","Appfire","445","65248","59","4.4915257","2026-05-12T12:49:04.583Z","2026-05-12","false","350","4750","8600","Import and display data from any database in dynamic custom fields inside Jira","https://marketplace.atlassian.com/apps/630415/power-database-fields?tab=overview","unknown","unknown","unknown","unknown","unknown"
"3","Great Gadgets for Jira DC (Agile Charts Reports KPIs)","com.stonikbyte.great.gadgets.server","StonikByte","412","25889","15","4.9166665","2026-07-03T13:28:52.611Z","2026-07-03","false","550","2100","3700","Dashboard gadgets for Scrum, Kanban, Release & ITSM: burndown/burnup, velocity, cycle time/SLA, pivot table, forecast, CFD & more","https://marketplace.atlassian.com/apps/1218777/great-gadgets-for-jira-dc-agile-charts-reports-kpis?tab=overview","unknown","unknown","unknown","unknown","unknown"
"4","Notifications in Jira (Desktop and Icon Alerts)","com.infosysta.jira.in-app-and-desktop-notifications-for-jira","Infosysta Apps","411","22895","18","4.0277777","2026-07-10T11:04:26.124Z","2026-07-10","false","200","1000","1400","There's no more need for email notifications. You can now view, approve and comment on issues straight from your Jira notification","https://marketplace.atlassian.com/apps/1217434/notifications-in-jira-desktop-and-icon-alerts?tab=overview","unknown","unknown","unknown","unknown","unknown"
"5","Structure.Pages by Tempo - Add Confluence Pages to Structure","com.almworks.structure.pages","Tempo Software","400","24240","3","5","2026-01-26T11:12:39.865Z","2026-01-22","false","428","2101","3190","Bridge the Gap Between Requirements Management in Confluence Cloud and Task Execution in Jira","https://marketplace.atlassian.com/apps/1215242/structure-pages-by-tempo-add-confluence-pages-to-structure?tab=overview","unknown","unknown","unknown","unknown","unknown"
"6","Q Collapse for Jira Service Management","at.celix.jira.plugins.servicedesk-queue-collapse","celix Solutions GmbH","396","16020","21","4.285714","2025-12-11T11:50:53.351Z","2025-09-25","false","450","1500","3000","Multi-level Queue Structures for a better overview","https://marketplace.atlassian.com/apps/1214767/q-collapse-for-jira-service-management?tab=overview","unknown","unknown","unknown","unknown","unknown"
"7","Prometheus Exporter PRO for Jira","ru.andreymarkelov.atlas.plugins.prom-jira-exporter","Appfire","392","25814","11","4.7727275","2026-04-06T13:19:54.365Z","2026-04-06","false","475","3900","5500","Get your Jira metrics to Prometheus and analyze your instance health in real time","https://marketplace.atlassian.com/apps/1217960/prometheus-exporter-pro-for-jira?tab=overview","unknown","unknown","unknown","unknown","unknown"
"8","Search Linked Issues","org.craftforge.jira.craftforge-jql-functions-plugin","Addonrock Sp. z o.o.","379","41810","33","3.7878788","2025-12-11T10:59:26.306Z","2025-10-03","false","330","2200","4950","JQL functions for issue link searching including parent, subtask, epic links; advanced link visualization with new custom fields","https://marketplace.atlassian.com/apps/31601/search-linked-issues?tab=overview","unknown","unknown","unknown","unknown","unknown"
"9","API Token Authentication for Jira expand connection security","de.resolution.apitokenauth.jira","resolution Reichert Network Solutions GmbH","375","36599","12","5","2026-07-02T17:45:58.988Z","2026-06-15","false","100","650","1215","Increase security for Jira REST API data connections from external services with API Tokens instead of username & passwords","https://marketplace.atlassian.com/apps/1221586/api-token-authentication-for-jira-expand-connection-security?tab=overview","unknown","unknown","unknown","unknown","unknown"
"10","mO 2FA for Jira (Two Factor Authentication)","com.miniorange.twofactor.jira-twofactor","miniOrange","369","19744","55","4.9545455","2026-06-25T10:05:36.941Z","2026-06-25","false","1200","3000","4800","Jira 2FA for Data Center: Secure login with Jira Two Factor Authentication (2FA/MFA)- Google Authenticator (TOTP), Hardware Token","https://marketplace.atlassian.com/apps/1221260/mo-2fa-for-jira-two-factor-authentication?tab=overview","unknown","unknown","unknown","unknown","unknown"
"11","Table Grid Editor [Legacy Version]","com.idalko.jira.plugins.igrid","Exalate: Integrations for Jira, Azure DevOps, Zendesk, Salesforce, GitHub, ServiceNow, ...","363","52399","64","4.5117188","2026-07-06T08:03:07.130Z","2026-07-06","false","805","4025","5175","Combine the strengths of Jira with the structure of tables","https://marketplace.atlassian.com/apps/1110050/table-grid-editor-legacy-version?tab=overview","unknown","unknown","unknown","unknown","unknown"
"12","Rich Filters::Service Management Dashboards","com.qotilabs.jira.rich-filters-service-desk-dashboards","Appfire","341","9677","2","5","2026-07-02T17:41:18.602Z","2026-06-30","false","75","625","900","Smart SLA tracking & Service Management metrics with interactive dashboard gadgets & reports","https://marketplace.atlassian.com/apps/1218675/rich-filters-service-management-dashboards?tab=overview","unknown","unknown","unknown","unknown","unknown"
"13","JQL Booster Pack","com.nolddor.jql-booster-pack","Sweet Bananas","335","13230","17","5","2026-01-14T19:24:41.105Z","2026-01-14","false","400","1500","3000","Create sophisticated queries and enhance your searching experience with brand new JQL functions","https://marketplace.atlassian.com/apps/1218367/jql-booster-pack?tab=overview","unknown","unknown","unknown","unknown","unknown"
"14","Telegram Connector for Jira","net.gsolution.plugins.jira-telegram-connector","Globo Solutions","325","9251","0","0","2026-07-13T06:37:32.755Z","2026-03-18","false","150","1000","2200","Send automated notifications from Jira to Telegram","https://marketplace.atlassian.com/apps/1222799/telegram-connector-for-jira?tab=overview","unknown","unknown","unknown","unknown","unknown"
"15","Collapsible Dashboard Sidebar","com.qotilabs.jira.collapsible-dashboard-sidebar-addon","Appfire","317","10387","15","5","2026-07-02T17:41:17.244Z","2026-05-28","false","25","150","300","Gain more screen real estate! Use the entire screen to display your dashboards","https://marketplace.atlassian.com/apps/1215141/collapsible-dashboard-sidebar?tab=overview","unknown","unknown","unknown","unknown","unknown"
"16","Rich Filters::Time Tracking Dashboards","com.qotilabs.jira.rich-filters-time-tracking-dashboards","Appfire","317","10074","6","4.1666665","2026-07-08T10:40:50.029Z","2026-07-08","false","75","625","900","Increase productivity with interactive dashboards & reports for timesheets & work logs","https://marketplace.atlassian.com/apps/1219709/rich-filters-time-tracking-dashboards?tab=overview","unknown","unknown","unknown","unknown","unknown"
"17","Dataplane Reports for Jira","com.arsenalesystems.dataplane","Appfire","303","50131","56","4.53125","2026-06-30T13:12:53.236Z","2026-06-30","false","2150","11150","16700","Powerful, Intuitive Jira Reports for Enterprise Teams","https://marketplace.atlassian.com/apps/1211156/dataplane-reports-for-jira?tab=overview","unknown","unknown","unknown","unknown","unknown"
"18","Translation for Jira Service Management","com.intenso.jira.plugins.translation.jsd-translation","Deviniti","290","24398","24","4.53125","2025-12-11T11:02:12.310Z","2025-09-26","false","317","1584","3168","The ultimate tool for multilingual customer support in Jira Service Management","https://marketplace.atlassian.com/apps/1213698/translation-for-jira-service-management?tab=overview","unknown","unknown","unknown","unknown","unknown"
"19","Status Color for Jira","org.hakanai.jira.plugins.jirastatuscolor","Brightsoft Apps","282","13833","25","4.45","2026-02-17T07:48:28.856Z","2026-02-16","false","1000","3500","6000","Make issue status instantly visible and accessible with color-coded clarity across all Jira views","https://marketplace.atlassian.com/apps/15237/status-color-for-jira?tab=overview","unknown","unknown","unknown","unknown","unknown"
"20","Release Management: Workflows, Calendar & Roadmaps - DC","release-management","Release Management","273","29363","19","4.5394735","2026-07-08T13:35:03.960Z","2026-07-08","false","900","5400","10063","🏅 Structure your portfolio of cross-project releases, automate workflows, plan on roadmap, integrate DevOps - all in one solution","https://marketplace.atlassian.com/apps/1218705/release-management-workflows-calendar-roadmaps-dc?tab=overview","unknown","unknown","unknown","unknown","unknown"
"21","Natural Searchers for Jira","sk.eea.jira.natural-searchers","BOOTIQ SK, part of BiQ Group","273","14082","8","4.53125","2026-02-05T15:14:45.157Z","2025-11-02","false","100","230","750","Natural ordering and statistical values for text fields","https://marketplace.atlassian.com/apps/1210967/natural-searchers-for-jira?tab=overview","unknown","unknown","unknown","unknown","unknown"
"22","Colors for Jira by Tempo - JQL-Based Highlighting in Jira","com.almworks.jira.colors.colors-plugin","Tempo Software","265","13702","7","4.642857","2025-12-11T10:58:27.092Z","2025-11-10","false","244","812","1481","JQL-based color highlighting for enhanced issue navigation in Jira","https://marketplace.atlassian.com/apps/1213958/colors-for-jira-by-tempo-jql-based-highlighting-in-jira?tab=overview","unknown","unknown","unknown","unknown","unknown"
"23","Subcomponents for Jira","net.brokenbuild.subcomponents","Broken Build","239","29030","24","3.5416667","2026-06-30T14:59:36.261Z","2026-06-30","false","300","1600","2900","Extend projects with Subcomponents, Component Versions, Packages, Component and Version custom properties","https://marketplace.atlassian.com/apps/1211548/subcomponents-for-jira?tab=overview","unknown","unknown","unknown","unknown","unknown"
"24","Epic Roadmap for Jira (Project Timeline for Data Center)","biz.everit.jira.epic-roadmap","EverIT by catworkx","233","38111","10","4.625","2026-05-13T11:20:35.064Z","2026-02-18","false","363","1634","2723","Create and manage roadmap timelines for each board in your Jira","https://marketplace.atlassian.com/apps/1220785/epic-roadmap-for-jira-project-timeline-for-data-center?tab=overview","unknown","unknown","unknown","unknown","unknown"
"25","Balsamiq Wireframes for Jira Data Center","com.balsamiq.jira.plugins.mockups","Balsamiq","228","49422","30","4.0416665","2026-07-02T17:33:36.594Z","2026-06-15","false","100","1000","4000","Add wireframes to Jira issues to clarify specs, reduce rework, and help teams build the right thing","https://marketplace.atlassian.com/apps/5161/balsamiq-wireframes-for-jira-data-center?tab=overview","unknown","unknown","unknown","unknown","unknown"
"26","TestFLO - Test Management for Jira","com.intenso.jira.plugins.suiTest","Deviniti","225","36648","46","4.2391305","2026-06-30T13:30:46.765Z","2026-06-30","false","1542","12334","20557","The most flexible testing tool that adapts to restrictive environments. Handle requirements, execute tests, and track progress","https://marketplace.atlassian.com/apps/1211393/testflo-test-management-for-jira?tab=overview","unknown","unknown","unknown","unknown","unknown"
"27","Agile Filters for Jira (Quick Filters by Users on Boards)","ru.teamlead.jira.plugins.agile-filters-for-jira","Teamlead","219","10207","18","4.513889","2025-12-11T11:59:03.236Z","2025-12-01","false","385","1600","2600","No more mundane tasks on user requests for Jira admins to create quick rich filters on JQL query","https://marketplace.atlassian.com/apps/1218186/agile-filters-for-jira-quick-filters-by-users-on-boards?tab=overview","unknown","unknown","unknown","unknown","unknown"
"28","Workflow Essentials for Jira","de.codecentric.jira.wes","codecentric AG","215","22956","17","5","2026-02-18T07:51:00.872Z","2026-01-30","false","150","1300","2500","Make your work flow → New Validators, Conditions and Post Functions for great workflows","https://marketplace.atlassian.com/apps/1214892/workflow-essentials-for-jira?tab=overview","unknown","unknown","unknown","unknown","unknown"
"29","Project Properties for Jira","com.tse.jira.projectproperties.plugin.jira-project-properties-plugin","ILA eSolution","196","9860","12","4.1666665","2026-01-12T06:06:36.493Z","2026-01-12","false","50","500","1500","Manage or centralize the project properties or related metadata in property fields for tracking and automation","https://marketplace.atlassian.com/apps/1217709/project-properties-for-jira?tab=overview","unknown","unknown","unknown","unknown","unknown"
"30","API Tokens for Jira","com.wombatscorp.jira-tokens","Wombats Corp","191","9957","20","4.625","2026-04-27T17:54:13.325Z","2026-04-27","false","80","520","970","Use secure API tokens for Jira REST API access instead of passwords to protect your credentials and simplify integrations","https://marketplace.atlassian.com/apps/1221182/api-tokens-for-jira?tab=overview","unknown","unknown","unknown","unknown","unknown"
"31","CCC Last Comment","com.capitalcityconsultants.jira.plugins.customfields.ccc-lastcomment","Capital City Consultants","174","31604","31","4.193548","2026-03-22T05:21:59.910Z","2026-03-22","false","500","850","1500","Displays part or all of an issue's most recent comment in Issue Navigator or Confluence + export w/o HTML tags","https://marketplace.atlassian.com/apps/15064/ccc-last-comment?tab=overview","unknown","unknown","unknown","unknown","unknown"
"32","Extender for Jira","com.itlab.jira.plugins.extender","it.Lab","172","27620","23","4.945652","2026-06-19T09:31:10.119Z","2026-06-19","false","350","1790","3590","A comprehensive, efficient, user-friendly, and effective suite of tools designed to enhance the productivity of all users","https://marketplace.atlassian.com/apps/1217643/extender-for-jira?tab=overview","unknown","unknown","unknown","unknown","unknown"
"33","Approvals – Advanced Issue Acceptance","com.intenso.jira.plugins.jira-approvals","Deviniti","168","10242","15","3.0833333","2025-12-11T11:45:11.681Z","2025-10-16","false","413","1650","4950","Enforce review in your workflow by requiring a selected number of approvals to execute issue transitions","https://marketplace.atlassian.com/apps/1215680/approvals-advanced-issue-acceptance?tab=overview","unknown","unknown","unknown","unknown","unknown"
"34","GitLab Connector for Jira","com.allenta.jira.plugins.gitlab.gitlab-listener","votazz","167","15431","11","4.090909","2026-06-29T12:02:56.145Z","2026-06-29","false","2500","5000","5000","GitLab Connector allows integration of commits pushed to GitLab inside Jira issues, using project web hooks","https://marketplace.atlassian.com/apps/1212989/gitlab-connector-for-jira?tab=overview","unknown","unknown","unknown","unknown","unknown"
"35","Manage Inactive Users for Jira","com.tse.jira.deactivateusers.plugin.jira-deactivate-users-plugin","ILA eSolution","156","9720","14","5","2026-01-12T04:27:37.497Z","2026-01-12","false","50","500","2000","Clean up / Save Licenses for Inactive users & Deactivate / remove security groups for users who left company with users reports","https://marketplace.atlassian.com/apps/1219207/manage-inactive-users-for-jira?tab=overview","unknown","unknown","unknown","unknown","unknown"
"36","Attachment Checker for Jira","com.akelesconsulting.jira.plugins.AttachmentChecker","Akeles Consulting","155","24406","14","4.821429","2026-06-30T08:57:05.217Z","2026-06-30","false","250","1625","2475","Protect your Jira against unauthorised file attachments","https://marketplace.atlassian.com/apps/1211257/attachment-checker-for-jira?tab=overview","unknown","unknown","unknown","unknown","unknown"
"37","Auditor for Jira","com.plugenta.jiraauditor","Enhancera, LLC","155","18848","8","4.0625","2026-03-26T03:01:12.023Z","2026-03-26","false","600","1200","2400","Track ALL your admin activity, not just what built-in log supports","https://marketplace.atlassian.com/apps/43203/auditor-for-jira?tab=overview","unknown","unknown","unknown","unknown","unknown"
"38","New Status Colors PRO for Jira","mraddon.newstatuscolorspro.newstatuscolorspro","Sngular","154","9302","4","3.75","2026-07-02T17:50:56.693Z","2025-10-09","false","500","3000","6000","Streamline workflows, enhance task prioritization, and improve issue tracking efficiency with color-coded visual management","https://marketplace.atlassian.com/apps/1216070/new-status-colors-pro-for-jira?tab=overview","unknown","unknown","unknown","unknown","unknown"
"39","Ultimate Customizer for Jira Service Management","com.prontop.service-desk-landingpage","aety aps","150","14968","11","3.8636363","2026-06-30T09:16:40.791Z","2026-06-30","false","1499","3865","5720","Make your Service Desk even better! Customize your Service Desk to improve costumer experience and meet service requirements","https://marketplace.atlassian.com/apps/1216144/ultimate-customizer-for-jira-service-management?tab=overview","unknown","unknown","unknown","unknown","unknown"
"40","GoEdit - Direct Attachment Edit for Jira","de.kontextwork.goedit.jira","KontextWork","146","16377","21","5","2026-04-08T08:49:57.635Z","2026-04-08","false","275","1250","2000","Simply edit attachments in Jira with one-click, using Word, PowerPoint, Excel, Visio, Project, Photoshop, MindManager etc","https://marketplace.atlassian.com/apps/1214263/goedit-direct-attachment-edit-for-jira?tab=overview","unknown","unknown","unknown","unknown","unknown"
"41","EasySSO for Jira (Kerberos/NTLM/HTTP headers/SAML SSO)","org.techtime.jira.plugins.easysso","TechTime Initiative Group Limited","144","25210","37","4.9324327","2026-07-02T17:53:09.626Z","2026-03-09","false","2000","2750","4000","5-in-1 Single Sign-On solution for Jira with Kerberos, NTLM, SAML, X.509 and HTTP headers. We give you more choice","https://marketplace.atlassian.com/apps/1212581/easysso-for-jira-kerberos-ntlm-http-headers-saml-sso?tab=overview","unknown","unknown","unknown","unknown","unknown"
"42","Project Specific Select Field","jira.plugin.projectspecificselectfield.jpssf","Holger Schimanski","143","13920","7","5","2025-12-11T11:46:21.929Z","2025-10-18","false","60","350","500","Single and multi select fields with option values managed by project admins","https://marketplace.atlassian.com/apps/1211398/project-specific-select-field?tab=overview","unknown","unknown","unknown","unknown","unknown"
"43","Download Attachments","pl.craftware.jira.download-attachments-plugin","Addonrock Sp. z o.o.","143","10807","4","3.75","2025-12-11T12:03:10.169Z","2025-10-02","false","135","900","2000","Download all attachments at once from all issues in search results. Save them as a zip file on a hard drive sorted by issue keys","https://marketplace.atlassian.com/apps/1211093/download-attachments?tab=overview","unknown","unknown","unknown","unknown","unknown"
"44","Slack Connector for Jira by Jsoft","com.jsoft.jira.plugins.jira-slack","J Soft","139","32495","30","3.75","2026-04-15T15:07:21.089Z","2026-04-15","false","50","500","2000","Slack , Slack Jira Server, Slack Connector","https://marketplace.atlassian.com/apps/1215378/slack-connector-for-jira-by-jsoft?tab=overview","unknown","unknown","unknown","unknown","unknown"
"45","TimeWise-Timesheets with Plan and WorkLog for Jira","com.shdsd.plugin.DSFineTimesheet","DragonSoft","137","10638","11","5","2026-04-24T03:00:59.073Z","2026-04-24","false","2000","8000","16000","Simple plan & worklog, easy cost & time tracking, powerful report, make time and cost management easier for your project and team","https://marketplace.atlassian.com/apps/1221373/timewise-timesheets-with-plan-and-worklog-for-jira?tab=overview","unknown","unknown","unknown","unknown","unknown"
"46","Update on Transition for Jira","org.swift.jira.cw","Appfire","137","25724","7","4.642857","2026-07-02T17:53:03.046Z","2026-06-01","false","300","3175","6800","Automatically update field values and validate transitions for existing Jira issues within your workflow — no coding required","https://marketplace.atlassian.com/apps/1211537/update-on-transition-for-jira?tab=overview","unknown","unknown","unknown","unknown","unknown"
"47","Sub-tasks Manager for Jira","info.renjithv.jira.plugins.bulkmove.bulkmove-subtasks-jira-plugin","votazz","135","16781","11","3.8636363","2026-03-24T09:27:16.116Z","2026-02-27","false","3000","6500","7000","Need to Bulk Move, Copy, or Delete Subtasks? Subtask management made simple with single or bulk subtask editing capabilities","https://marketplace.atlassian.com/apps/1211240/sub-tasks-manager-for-jira?tab=overview","unknown","unknown","unknown","unknown","unknown"
"48","Gadget Utilities for Jira","com.eis.jira.plugins.gadget.gadgetUtilitiesForJIRA.gadgetUtilitiesForJIRA","Eisonesoft","131","10818","11","4.7727275","2026-05-29T09:26:53.462Z","2026-05-29","false","500","3400","4500","Utilities, reports: Gantt, Worklog, SLA and Number Customfield Reports. Export Dashboard PDF, User Admin and Issues Reindex Gadget","https://marketplace.atlassian.com/apps/1216377/gadget-utilities-for-jira?tab=overview","unknown","unknown","unknown","unknown","unknown"
"49","Kanban Combined WIP for Jira","com.rauliki.kanbancombinedWIP.KanbanCombinedWIP","Sngular","129","12561","16","4.21875","2026-07-02T17:41:27.845Z","2025-10-09","false","500","3000","6000","Master advanced Kanban task management without breaking a sweat—customize and create a board that works best for your team","https://marketplace.atlassian.com/apps/1214222/kanban-combined-wip-for-jira?tab=overview","unknown","unknown","unknown","unknown","unknown"
"50","Custom Field Toolbox for Jira","systems.npe.jira.cfu","Rocktronic","129","9937","5","4.25","2026-05-29T10:29:19.616Z","2026-05-29","false","200","800","1400","Improve the performance and simplify maintenance of your Jira instance by optimizing custom fields","https://marketplace.atlassian.com/apps/1216607/custom-field-toolbox-for-jira?tab=overview","unknown","unknown","unknown","unknown","unknown"
"51","Risk Management for Jira","com.ja.jira.plugin.report.riskmanagement","jPlugs","129","19088","5","4","2025-12-11T11:19:13.190Z","2025-09-15","false","400","1200","1600","Track, control and communicate your project risks","https://marketplace.atlassian.com/apps/5245/risk-management-for-jira?tab=overview","unknown","unknown","unknown","unknown","unknown"
"52","Scrum Poker for Jira","de.codescape.jira.plugins.scrum-poker","codescape - Stefan Glase","128","26343","10","4.875","2025-12-16T10:40:26.290Z","2025-12-12","false","500","1625","2750","Scrum Poker for Jira brings collaborative estimates to agile teams","https://marketplace.atlassian.com/apps/1218884/scrum-poker-for-jira?tab=overview","unknown","unknown","unknown","unknown","unknown"
"53","Issue Picker Custom Field Type for Jira","es.excentia.jira.plugins.jira-issue-picker-custom-field-type-plugin","excentia","128","7939","7","3.5714285","2026-06-08T17:36:49.519Z","2026-06-08","false","100","600","1600","A new custom field type to create fields to search and link multiple issues to the field","https://marketplace.atlassian.com/apps/1214561/issue-picker-custom-field-type-for-jira?tab=overview","unknown","unknown","unknown","unknown","unknown"
"54","Run CLI Actions in Jira","org.swift.jira.acli","Appfire","127","44752","7","3.75","2026-05-19T10:51:49.938Z","2026-05-19","false","350","3600","8000","Execute powerful CLI automation — right within Jira","https://marketplace.atlassian.com/apps/1210941/run-cli-actions-in-jira?tab=overview","unknown","unknown","unknown","unknown","unknown"
"55","Structure.Deliver by Tempo - Agile Project Forecasting","com.almworks.structure.deliver","Tempo Software","122","4886","0","0","2026-06-05T11:54:10.054Z","2026-06-05","false","745","3655","5546","Know your capabilities. Plan effectively. Deliver results! Reliable project forecasting for Agile teams","https://marketplace.atlassian.com/apps/1224682/structure-deliver-by-tempo-agile-project-forecasting?tab=overview","unknown","unknown","unknown","unknown","unknown"
"56","HelpDesk for Jira (Customer Portal & SLA & OLA)","helpdesk.helpdesk-for-jira","Teamlead","120","21322","17","4.852941","2025-12-11T11:44:29.901Z","2025-11-27","false","520","910","2600","HelpDesk: free unlimited customers, core & software users as agents, customer portal, SLA, comment templates and much more","https://marketplace.atlassian.com/apps/1212224/helpdesk-for-jira-customer-portal-sla-ola?tab=overview","unknown","unknown","unknown","unknown","unknown"
"57","Advanced Password Policy for Jira","com.intenso.jira.plugins.password-policy","Deviniti","120","15079","12","4.8958335","2026-03-11T16:27:48.427Z","2026-03-11","false","634","1584","7920","Enrich Jira Password Policy with customizable security settings for ultimate protection tailored to your needs","https://marketplace.atlassian.com/apps/1211254/advanced-password-policy-for-jira?tab=overview","unknown","unknown","unknown","unknown","unknown"
"58","Doublecheck for Jira Service Management","com.accxia.sd.plugins.tailor.tailorman-sd-confirm","Accxia-US","107","9608","10","4.875","2026-01-29T22:51:44.504Z","2026-01-29","false","750","3770","8000","“Keep Your Internal Comments Internal” - Confirming whether you want to send your comment to a customer","https://marketplace.atlassian.com/apps/1217337/doublecheck-for-jira-service-management?tab=overview","unknown","unknown","unknown","unknown","unknown"
"59","Filter & Dashboard Manager for Jira","com.dortiz.jira.plugin.shared.SharedManager","votazz","104","9291","13","4.8076925","2026-05-21T09:03:45.733Z","2026-05-21","false","2500","4500","4500","Manage all filters & dashboards in one place. Bulk change filter owners with a click. See filter & dashboard relations on 1 screen","https://marketplace.atlassian.com/apps/1216249/filter-dashboard-manager-for-jira?tab=overview","unknown","unknown","unknown","unknown","unknown"
"60","Field Templates for Jira","net.gcore.plugins.fieldtemplates","Globo Solutions","102","8905","2","5","2026-02-10T10:30:53.736Z","2026-02-10","false","300","2000","5000","Allows to create own text templates and paste them with just one click","https://marketplace.atlassian.com/apps/1219597/field-templates-for-jira?tab=overview","unknown","unknown","unknown","unknown","unknown"
"61","Mail Template Editor for Jira","info.renjithv.jira.plugins.emaileditor.emaileditor-jira-plugin","Rocktronic","102","12091","17","2.6470587","2026-01-21T08:27:33.917Z","2025-03-06","false","200","800","1100","Customize Jira outgoing email templates","https://marketplace.atlassian.com/apps/1211404/mail-template-editor-for-jira?tab=overview","unknown","unknown","unknown","unknown","unknown"
"62","WeCom (WeChat Work) for Jira","com.shdsd.plugin.weChat-jira","DragonSoft","101","6262","8","5","2025-12-26T06:00:57.057Z","2025-12-26","false","1000","3000","5000","A mobile terminal plug-in that binds WeCom (WeChat Work) users with JIRA users through configuration information","https://marketplace.atlassian.com/apps/1224458/wecom-wechat-work-for-jira?tab=overview","unknown","unknown","unknown","unknown","unknown"
"63","Mail Queue Monitor for Jira","net.gisnas.jira.mailqueue","Rocktronic","101","6678","6","4.7916665","2026-01-20T16:06:28.780Z","2026-01-20","false","200","800","1400","Outgoing mail dashboard with advanced queue item data. REST API for queue monitoring using external tools","https://marketplace.atlassian.com/apps/1214195/mail-queue-monitor-for-jira?tab=overview","unknown","unknown","unknown","unknown","unknown"
"64","Help (a.k.a. Conditions Validator)","com.intenso.jira.plugins.condval.intenso-conditions-validator","Deviniti","98","16259","11","5","2026-04-16T11:12:34.558Z","2026-04-16","false","594","1980","3960","Guide users through your workflow with a variety of hints for optimal clarity and user experience","https://marketplace.atlassian.com/apps/39261/help-a-k-a-conditions-validator?tab=overview","unknown","unknown","unknown","unknown","unknown"
"65","Vacation Manager for Jira","pl.com.tt.apdc.vacation-manager","Transition Technologies PSC","96","11398","11","4.090909","2026-03-26T09:44:45.919Z","2026-03-26","false","657","3604","4876","Vacation Manager for Jira makes submitting holidays requests as easy as creating simple tasks","https://marketplace.atlassian.com/apps/1216410/vacation-manager-for-jira?tab=overview","unknown","unknown","unknown","unknown","unknown"
"66","IssueLayout - Change the issue design","net.veniture.jira.vIssueLayout","DC Factory","93","8584","8","4.6875","2026-03-20T19:27:57.009Z","2026-03-20","false","4100","12400","31600","Unlimited possibilities to customise the layout of your issues","https://marketplace.atlassian.com/apps/1221618/issuelayout-change-the-issue-design?tab=overview","unknown","unknown","unknown","unknown","unknown"
"67","Multiple Subtasks for Jira","de.codescape.jira.plugins.multiple-subtasks","codescape - Stefan Glase","93","4194","1","5","2026-04-04T11:00:41.386Z","2026-04-04","false","240","420","1200","Subtasks creation and management made easy and comfortable","https://marketplace.atlassian.com/apps/1229293/multiple-subtasks-for-jira?tab=overview","unknown","unknown","unknown","unknown","unknown"
"68","Release Manager - Intuitive Release Management for Jira","com.abdhiware.releasedog","votazz","92","9918","12","3.8541667","2026-02-12T10:24:56.392Z","2026-02-11","false","1500","2000","2000","Simplified release management across multiple project versions in Jira without coordination & conflict headaches - w/calendar view","https://marketplace.atlassian.com/apps/823187/release-manager-intuitive-release-management-for-jira?tab=overview","unknown","unknown","unknown","unknown","unknown"
"69","Metadata for Jira","com.osoboo.jira-metadata-plugin","evolu software GmbH","91","36805","19","4.2105265","2026-04-09T13:20:06.872Z","2026-04-09","false","288","1680","2400","User and Project Management using Metadata. Search for specific Projects or People. Get the reporter's phone number with one click","https://marketplace.atlassian.com/apps/42075/metadata-for-jira?tab=overview","unknown","unknown","unknown","unknown","unknown"
"70","Issue Score for Jira","biz.everit.jira.issue-score","EverIT by catworkx","91","6894","8","3.59375","2026-05-13T11:20:42.104Z","2026-02-18","false","121","1089","2420","Rate, weight and prioritize your Issues using scoring models like WSJF, RICE, ICE or custom formulas","https://marketplace.atlassian.com/apps/1220217/issue-score-for-jira?tab=overview","unknown","unknown","unknown","unknown","unknown"
"71","2FA for Jira (U2F & TOTP)","com.alphaserve.authplugin","Tempo Software","90","16046","12","4.5833335","2026-07-07T06:55:07.012Z","2026-07-07","false","1150","6325","10320","Enterprise-Grade Jira 2FA: Two-factor authentication with U2F, Google Authenticator, Microsoft Authenticator, Authy, 2STP support","https://marketplace.atlassian.com/apps/1220048/2fa-for-jira-u2f-totp?tab=overview","unknown","unknown","unknown","unknown","unknown"
"72","Workflow PowerBox - automation suite","com.coresoftlabs.jira.workflow-powerbox","Almarise","90","8757","5","5","2026-03-27T13:12:34.444Z","2026-03-27","false","90","750","1800","Reusable scripts and templates for workflow behaviours. Miscellaneous extensions & automation utils including create on transition","https://marketplace.atlassian.com/apps/1213643/workflow-powerbox-automation-suite?tab=overview","unknown","unknown","unknown","unknown","unknown"
"73","Email Digest: Management of Jira Emails Notifications","com.reliex.plugins.email-notifications-digest","Reliex","88","12048","54","4.837963","2026-07-03T12:35:06.531Z","2026-07-01","false","490","1790","2990","Replace Jira email notifications with a single Digest Email at a scheduled time to spend less time reading emails","https://marketplace.atlassian.com/apps/1217383/email-digest-management-of-jira-emails-notifications?tab=overview","unknown","unknown","unknown","unknown","unknown"
"74","select2","com.pitronote.jira.select2","Pitronote","88","21305","13","4.519231","2026-03-20T14:24:43.165Z","2026-03-20","false","360","1440","2340","Change Jira single/multi select to type of select2","https://marketplace.atlassian.com/apps/1220214/select2?tab=overview","unknown","unknown","unknown","unknown","unknown"
"75","Power Actions - Custom Forms and Wizards","com.keplerrominfo.jira.plugins.blitz-actions","Appfire","85","14878","9","4.5833335","2026-03-30T10:06:19.635Z","2026-03-30","false","250","2525","5500","Customizable toolbar for issues screen. Simplify workflows, add power actions to tickets & gather user input before transitions","https://marketplace.atlassian.com/apps/1210979/power-actions-custom-forms-and-wizards?tab=overview","unknown","unknown","unknown","unknown","unknown"
"76","Active User Filter","cr.tin.ActiveUserFilter.active-user-filter","Modus Create Labs","84","9656","17","4.2647057","2026-07-02T17:45:40.939Z","2025-08-18","false","405","405","1181","Filter active or inactive users in Jira. Export them to a CSV file to work with the data outside of Jira","https://marketplace.atlassian.com/apps/1215056/active-user-filter?tab=overview","unknown","unknown","unknown","unknown","unknown"
"77","Time Tracking And Billing Reporting","com.ja.jira.plugin.ttb","jPlugs","82","31620","13","3.5576923","2025-12-11T11:46:23.320Z","2025-11-16","false","400","800","1200","Affordable and comprehensive time tracking for Jira","https://marketplace.atlassian.com/apps/5274/time-tracking-and-billing-reporting?tab=overview","unknown","unknown","unknown","unknown","unknown"
"78","Gaia for Jira - Project Template Manager","ca.nuum.gaia","Appfire","79","18598","13","4.519231","2026-04-07T10:36:56.035Z","2026-04-07","false","1150","7075","18100","Gaia for Jira simplifies the creation of Jira projects and Confluence spaces using your own customized templates","https://marketplace.atlassian.com/apps/1211949/gaia-for-jira-project-template-manager?tab=overview","unknown","unknown","unknown","unknown","unknown"
"79","Structure.Bundle by Tempo - Portfolio Management & Jira PPM","com.almworks.jira.bundle","Tempo Software","79","4336","0","0","2026-03-23T13:48:31.205Z","2026-03-20","false","3493","17881","41736","Efficient project portfolio management with Structure.Bundle: Get Structure PPM, Gantt Charts & 4 Jira apps to improve your PPM","https://marketplace.atlassian.com/apps/1229956/structure-bundle-by-tempo-portfolio-management-jira-ppm?tab=overview","unknown","unknown","unknown","unknown","unknown"
"80","Subscriptions for Jira (Filters Manager)","ru.teamlead.jira.plugins.subscriptions-for-jira","Teamlead","76","8209","18","4.4444447","2026-05-07T07:49:37.851Z","2026-05-07","false","50","500","2000","Manage all users' filters and subscriptions in the single place","https://marketplace.atlassian.com/apps/1215065/subscriptions-for-jira-filters-manager?tab=overview","unknown","unknown","unknown","unknown","unknown"
"81","Show Saved Filter with Columns for Jira","com.ja.jira.plugin.searchrequest","jPlugs","75","13194","8","3.90625","2025-12-11T12:03:35.001Z","2025-11-17","false","50","400","700","Show Saved Filter With Columns extends the regular Filter Results gadget and makes it easier to display required fields","https://marketplace.atlassian.com/apps/5228/show-saved-filter-with-columns-for-jira?tab=overview","unknown","unknown","unknown","unknown","unknown"
"82","Secure Login (2FA) for Jira","de.syracom.jira.plugins.securelogin","syracom AG","74","11322","12","4.2708335","2026-06-17T11:14:56.969Z","2026-06-17","false","800","1750","2500","Strong Security via two-factor authentication made in Germany without the need of an external system, also supporting Jira mobile","https://marketplace.atlassian.com/apps/1213472/secure-login-2fa-for-jira?tab=overview","unknown","unknown","unknown","unknown","unknown"
"83","Jira Copy Project Plugin","io.suspect.jira-copy-project-plugin","Lane Technology","73","6499","7","2.857143","2025-12-11T11:34:01.922Z","2025-08-05","false","500","3000","4000","Save hours creating new Jira projects by copying existing ones, including issues, versions, and project configurations","https://marketplace.atlassian.com/apps/1215473/jira-copy-project-plugin?tab=overview","unknown","unknown","unknown","unknown","unknown"
"84","License Optimizer for Jira","biz.everit.jira.license-optimizer","EverIT by catworkx","72","6487","5","5","2026-05-13T11:21:14.338Z","2026-02-18","false","4400","4400","8800","Automate user and license management with real-time access control and allow more users to use Jira without upgrading license tier","https://marketplace.atlassian.com/apps/1224199/license-optimizer-for-jira?tab=overview","unknown","unknown","unknown","unknown","unknown"
"85","Delegated Group Management in Jira","com.wittified.delegated-group-management-in-jira","Appfire","70","10257","7","4.285714","2026-04-01T10:58:28.442Z","2026-04-01","false","700","3850","7900","Empower your trusted team leads to manage their own user groups in Jira","https://marketplace.atlassian.com/apps/1215247/delegated-group-management-in-jira?tab=overview","unknown","unknown","unknown","unknown","unknown"
"86","Field Hide for Jira","com.threadq.fh.field_hide","ThreadQ","69","5935","14","4.642857","2026-01-15T06:30:37.050Z","2026-01-15","false","380","1800","3800","Hide or make read-only fields and time tracking without writing any script or edit field configuration","https://marketplace.atlassian.com/apps/1221774/field-hide-for-jira?tab=overview","unknown","unknown","unknown","unknown","unknown"
"87","Easy Email Attachments for Service Desk","cloud.bdq.jsdattachmentemailer","BDQ","68","6022","4","5","2026-01-20T17:52:20.455Z","2026-01-20","false","1322","1983","3570","Get real mail attachments in notification emails from Jira Service Management – no more portal links","https://marketplace.atlassian.com/apps/1222864/easy-email-attachments-for-service-desk?tab=overview","unknown","unknown","unknown","unknown","unknown"
"88","Ukrainian Language Pack for Jira","jira-ukrainian-language-pack.biz.softlist.jira.lp","Softlist Sp. z o.o.","65","5848","3","5","2026-02-04T09:15:37.654Z","2026-02-04","false","1620","2075","4290","Use your Jira with Ukrainian (UA) language now - the fully translated User interface, Administration section and Customer portal","https://marketplace.atlassian.com/apps/1222086/ukrainian-language-pack-for-jira?tab=overview","unknown","unknown","unknown","unknown","unknown"
"89","User Sync: SCIM Provisioning, Group Sync for Jira","de.resolution.usersync.jira","resolution Reichert Network Solutions GmbH","62","8900","1","5","2026-07-02T17:46:22.038Z","2026-05-28","false","415","2450","3400","User Sync: Automatic user, group, SCIM provisioning. directory sync + user group attributes sync Azure AD, Okta, G Suite, Keycloak","https://marketplace.atlassian.com/apps/1219399/user-sync-scim-provisioning-group-sync-for-jira?tab=overview","unknown","unknown","unknown","unknown","unknown"
"90","Bulk Operation Enhancer for Jira","com.kostebekteknoloji.plugins.jira.jira-bulk-operation-exhancer","Köstebek Teknoloji","58","8070","2","5","2026-04-04T23:50:18.056Z","2026-04-04","false","240","840","1720","The Bulk Operation Enhancer for Jira plugin provides additive adding, replacing, removing labels and setting resolution field","https://marketplace.atlassian.com/apps/1212611/bulk-operation-enhancer-for-jira?tab=overview","unknown","unknown","unknown","unknown","unknown"
"91","Support Admin Tools for Jira","com.rauliki.JiraSupportAdminTools.JiraSupportAdminTools","Sngular","58","8504","4","4.0625","2026-07-02T17:41:25.632Z","2024-11-18","false","500","3000","6000","Increase the productivity of your Jira Admin","https://marketplace.atlassian.com/apps/1214823/support-admin-tools-for-jira?tab=overview","unknown","unknown","unknown","unknown","unknown"
"92","Encryption for Jira","com.devoog.jira.plugin.encrypted","Adaptavist","57","9100","8","5","2026-07-02T17:35:11.609Z","2026-04-20","false","1700","6500","9500","Enhance your Jira security by protecting your most sensitive fields and attachments","https://marketplace.atlassian.com/apps/1215791/encryption-for-jira?tab=overview","unknown","unknown","unknown","unknown","unknown"
"93","Classic Transitions View for Jira","com.itlab.jira.plugins.classic-transitions-view","it.Lab","56","4138","1","5","2025-12-11T11:48:52.825Z","2025-08-13","false","65","500","880","Bring back the ability to display multiple transition buttons in Issues view with some extra features","https://marketplace.atlassian.com/apps/1228300/classic-transitions-view-for-jira?tab=overview","unknown","unknown","unknown","unknown","unknown"
"94","DingTalk for Jira","com.shdsd.plugin.dingding-jira","DragonSoft","55","5494","6","4.375","2025-12-26T06:03:33.298Z","2025-12-26","false","1000","3500","5000","DingTalk for Jira is a mobile terminal plug-in that binds DingTalk users with JIRA users through configuration information","https://marketplace.atlassian.com/apps/1224624/dingtalk-for-jira?tab=overview","unknown","unknown","unknown","unknown","unknown"
"95","Compact Cards for Jira","com.glintech.jira.plugins.compactcards","GLiNTECH - a Valiantys company","55","5132","6","4.375","2026-03-26T03:21:56.422Z","2026-03-26","false","200","800","1400","See even more of your Backlog and Active Sprints","https://marketplace.atlassian.com/apps/1217083/compact-cards-for-jira?tab=overview","unknown","unknown","unknown","unknown","unknown"
"96","Better comments with reply","net.youngaweb.jira.yp-better-comments-with-reply","Young Plugins","55","1672","3","4.5833335","2025-12-11T10:58:38.998Z","2025-09-02","false","1000","1800","2250","Supercharge Jira collaboration: threaded comments with replies. Boost teamwork and productivity","https://marketplace.atlassian.com/apps/1234061/better-comments-with-reply?tab=overview","unknown","unknown","unknown","unknown","unknown"
"97","Log work as another user for Jira","es.sistel.plugins.jira.logwork-as-another-user","BranchCreation S.L.U.","55","4782","4","3.75","2026-04-23T09:09:14.224Z","2026-04-23","false","90","925","2250","Log work as another user and keep time tracking updated","https://marketplace.atlassian.com/apps/1217264/log-work-as-another-user-for-jira?tab=overview","unknown","unknown","unknown","unknown","unknown"
"98","PII Protector for Jira","com.enhancera.pii.pii4jira","Enhancera, LLC","54","23081","5","4.75","2026-06-08T20:50:49.278Z","2026-06-08","false","600","1200","2400","Complete solution for PII protection inside Jira","https://marketplace.atlassian.com/apps/1215574/pii-protector-for-jira?tab=overview","unknown","unknown","unknown","unknown","unknown"
"99","Electronic Signature for Jira","com.intenso.jira.plugins.cfr.electronic-signature","Deviniti","54","7244","7","4.464286","2025-12-11T11:53:58.766Z","2025-10-28","false","495","1650","3300","Require electronic signatures to execute issue transitions and changes to comply with CFR 21 part 11","https://marketplace.atlassian.com/apps/1212175/electronic-signature-for-jira?tab=overview","unknown","unknown","unknown","unknown","unknown"
"100","SAFe EPIC to Feature Translator for Jira","com.cprime.jira.plugins.safe-translator","Appfire","53","10718","11","4.318182","2026-04-07T10:47:33.289Z","2026-04-07","false","350","2950","11500","Complete your transformations by translating native Jira naming (“EPIC”) into the terminology used in SAFe","https://marketplace.atlassian.com/apps/1218959/safe-epic-to-feature-translator-for-jira?tab=overview","unknown","unknown","unknown","unknown","unknown"
"101","Color Workflow","io.innovura.plugins.colortransitions.color-workflow-actions","Infosysta Apps","52","5569","5","4.5","2026-03-09T09:19:29.577Z","2026-03-05","false","50","400","1000","🚀 Boost your Jira workflow with Colors. 🎨 A user-friendly, intuitive tool that offers clear status visualization","https://marketplace.atlassian.com/apps/1221443/color-workflow?tab=overview","unknown","unknown","unknown","unknown","unknown"
"102","Sudo for Jira","com.jirasudo.jira-sudo","David Erickson","52","4567","4","4.6875","2026-03-16T01:09:29.865Z","2026-03-16","false","225","1125","1800","Enable administrators to run REST API commands as other users","https://marketplace.atlassian.com/apps/1213464/sudo-for-jira?tab=overview","unknown","unknown","unknown","unknown","unknown"
"103","Project Groups for Jira","systems.npe.jira.prjorg","Rocktronic","50","6303","5","5","2026-01-19T16:00:36.254Z","2026-01-19","false","200","800","1100","Combine projects into groups with multi-level hierarchy. Advanced project administration console. Bulk edit projects settings","https://marketplace.atlassian.com/apps/1216998/project-groups-for-jira?tab=overview","unknown","unknown","unknown","unknown","unknown"
"104","Project Team for Jira Data Center","com.stonikbyte.jira.plugins.project-team-plugin","StonikByte","49","10840","11","4.659091","2026-03-08T06:06:56.216Z","2025-09-23","false","400","750","1900","#Project Teams #Extended User Profiles #User Custom Fields #Enhanced User Profile #Org Charts #Organizational Diagram #Gadgets","https://marketplace.atlassian.com/apps/1210794/project-team-for-jira-data-center?tab=overview","unknown","unknown","unknown","unknown","unknown"
"105","DnD Workflow Tools","com.acidoranges.jira.dndpf.dndpostfunction","Sevidev","49","4570","5","5","2026-05-12T09:29:31.213Z","2026-05-12","false","100","500","850","Effortlessly copy and organize post-functions and validations in your Jira workflows","https://marketplace.atlassian.com/apps/1219486/dnd-workflow-tools?tab=overview","unknown","unknown","unknown","unknown","unknown"
"106","Field Sync","com.obss.plugin.fieldSync","OBSS","49","9340","9","4.3055553","2026-07-02T17:40:02.661Z","2026-01-05","false","250","1063","1875","Copy field values between Jira issues automatically","https://marketplace.atlassian.com/apps/1211494/field-sync?tab=overview","unknown","unknown","unknown","unknown","unknown"
"107","S/Notify Email Encryption for Jira","net.savignano.s-notify.jira.gui","savignano software solutions","48","7752","6","5","2026-07-02T17:51:55.000Z","2025-09-23","false","328","3321","5330","Secure email communication for Jira and Jira Service Management with S/MIME or PGP","https://marketplace.atlassian.com/apps/1218251/s-notify-email-encryption-for-jira?tab=overview","unknown","unknown","unknown","unknown","unknown"
"108","Delegated Project Admin Pro for Jira","com.wittified.jira.delegated-admin","Appfire","47","22261","4","5","2026-04-20T09:05:31.599Z","2026-04-20","false","1250","8350","13700","Save time and reduce bottlenecks by empowering trusted users to safely and easily adjust their own project settings","https://marketplace.atlassian.com/apps/1213035/delegated-project-admin-pro-for-jira?tab=overview","unknown","unknown","unknown","unknown","unknown"
"109","Mail History","at.celix.jira.plugins.celix-mail-history","celix Solutions GmbH","46","4743","1","3.75","2026-05-18T12:05:27.113Z","2026-05-18","false","225","525","750","Audit your outgoing emails","https://marketplace.atlassian.com/apps/1219736/mail-history?tab=overview","unknown","unknown","unknown","unknown","unknown"
"110","Dashboard Folders for Jira","com.akelesconsulting.jira.plugins.dFolder","Akeles Consulting","45","5242","8","4.84375","2026-03-12T02:54:32.095Z","2026-03-12","false","100","300","600","Grouped Dashboards with Cascading Menus for Easy Navigation","https://marketplace.atlassian.com/apps/1217625/dashboard-folders-for-jira?tab=overview","unknown","unknown","unknown","unknown","unknown"
"111","UnView for Jira","com.accxia.jira.plugins.workscouncil.WorksCouncil","Accxia","45","6315","6","3.9583333","2026-05-27T06:35:34.561Z","2026-05-27","false","1331","4598","6622","Manage work log visibility in Jira for Privacy / Compliance. Driven by GDPR/DSGVO and Works Councils/Betriebsrat","https://marketplace.atlassian.com/apps/1218188/unview-for-jira?tab=overview","unknown","unknown","unknown","unknown","unknown"
"112","Arabic for Jira (Language Localization & RTL Support)","com.infosysta.jira.translation.arabic","Infosysta Apps","44","7666","4","3.75","2026-05-18T10:22:00.513Z","2026-05-18","false","600","3200","5200","Arabic for Jira: Complete translation to enable effortless navigation and collaboration for Arab users within Jira","https://marketplace.atlassian.com/apps/1215724/arabic-for-jira-language-localization-rtl-support?tab=overview","unknown","unknown","unknown","unknown","unknown"
"113","Issue Lock for Jira (who's editing)","net.koncis.atlassian.jira-issue-edit-lock","aety aps","44","6034","6","2.9166667","2026-02-24T14:21:40.180Z","2026-02-24","false","1100","3275","4750","Let an issue be locked down for edit, one user at a time","https://marketplace.atlassian.com/apps/1214307/issue-lock-for-jira-whos-editing?tab=overview","unknown","unknown","unknown","unknown","unknown"
"114","Jenkins DevOps Suite for Jira","com.ila.esolution.jira.jenkinsutils.plugin.jira-jenkins-utils-plugin","ILA eSolution","43","6259","7","4.285714","2026-01-12T06:37:47.704Z","2026-01-12","false","25","250","1700","Jenkins CI-CD Integration DevOps Tools Suite Utilities","https://marketplace.atlassian.com/apps/1219635/jenkins-devops-suite-for-jira?tab=overview","unknown","unknown","unknown","unknown","unknown"
"115","FeiShu for Jira","com.shdsd.plugin.feiShu-jira","DragonSoft","42","3116","0","0","2025-12-26T06:06:37.987Z","2025-12-26","false","1500","4800","6500","Integrates FeiShu and JIRA, and users can access JIRA and receive notifications on FeiShu app","https://marketplace.atlassian.com/apps/1227857/feishu-for-jira?tab=overview","unknown","unknown","unknown","unknown","unknown"
"116","Issue Properties for Jira","com.tse.jira.issueproperties.plugin.jira-issue-properties-plugin","ILA eSolution","41","4993","8","5","2026-01-12T06:21:35.467Z","2026-01-12","false","50","350","750","Track additional issue level permanent or temporary dynamic attributes or metadata in easy custom property fields","https://marketplace.atlassian.com/apps/1217708/issue-properties-for-jira?tab=overview","unknown","unknown","unknown","unknown","unknown"
"117","Secure Admin - Share admin access safely and securely","com.redmoon.jira.secure-admin","Redmoon Software Ltd","41","7690","6","5","2026-02-26T00:03:47.328Z","2026-02-25","false","110","1650","3190","Restrict access to Admin tabs so that you can share the workload and still know functionality is secure","https://marketplace.atlassian.com/apps/1213685/secure-admin-share-admin-access-safely-and-securely?tab=overview","unknown","unknown","unknown","unknown","unknown"
"118","Canned Search Gadget","com.akelesconsulting.jira.plugins.CannedSearchGadget","Akeles Consulting","41","6496","4","5","2026-03-03T07:36:34.174Z","2026-03-03","false","100","300","400","The fastest way to search your issues","https://marketplace.atlassian.com/apps/1212067/canned-search-gadget?tab=overview","unknown","unknown","unknown","unknown","unknown"
"119","Kanoah Checklist for Jira","com.kanoah.jira-checklist","Adaptavist","41","5547","8","4.0625","2025-12-11T11:59:22.045Z","2025-11-03","false","300","1350","1800","Checklist allows you to add one or more checklists as custom fields to issues in Jira","https://marketplace.atlassian.com/apps/1213102/kanoah-checklist-for-jira?tab=overview","unknown","unknown","unknown","unknown","unknown"
"120","Switch to User and Delegating SU for Jira","com.jibrok.jira.plugins.su","JiBrok","41","4566","2","5","2026-02-09T19:24:34.571Z","2026-02-09","false","50","300","500","Log in as any Jira user via sudo; delegate switch rights to groups; track every action with audit logs","https://marketplace.atlassian.com/apps/1220949/switch-to-user-and-delegating-su-for-jira?tab=overview","unknown","unknown","unknown","unknown","unknown"
"121","DataBase Explorer","com.acidoranges.dbterminal.dbterminal","Sevidev","40","3932","3","5","2026-06-02T06:27:40.255Z","2026-06-02","false","200","1800","3000","Query, modify, and export valuable data from your Jira database effortlessly","https://marketplace.atlassian.com/apps/1224911/database-explorer?tab=overview","unknown","unknown","unknown","unknown","unknown"
"122","Access Log for Jira","com.enhancera.jiraaccesslog","Enhancera, LLC","40","7191","0","0","2026-06-20T03:39:12.990Z","2026-06-20","false","600","1200","2400","Complete solution for content access monitoring inside Jira","https://marketplace.atlassian.com/apps/1221422/access-log-for-jira?tab=overview","unknown","unknown","unknown","unknown","unknown"
"123","Rename Group in Jira","com.wombatscorp.jira-group-rename","Wombats Corp","38","4530","5","5","2026-07-11T19:12:12.057Z","2026-07-11","false","70","300","660","Rename and merge Jira groups instantly with zero downtime and built-in safety checks","https://marketplace.atlassian.com/apps/1222423/rename-group-in-jira?tab=overview","unknown","unknown","unknown","unknown","unknown"
"124","excentia Admin Tools for Jira","es.excentia.jira.plugins.excentia-admin-tools","excentia","38","6122","3","5","2026-06-04T15:01:04.167Z","2026-06-04","false","50","100","200","## FREEMIUM MODEL ## Developed by Jira Admins for Jira Admins. Truly helpful tools, customizable utilities and useful information","https://marketplace.atlassian.com/apps/1219118/excentia-admin-tools-for-jira?tab=overview","unknown","unknown","unknown","unknown","unknown"
"125","User Mentioned JQL","com.empegraphics.jira.user-mentioned","Simtask","38","4684","2","5","2026-02-28T15:20:36.129Z","2026-02-28","false","24","240","480","Never forget to reply for mentions in Jira","https://marketplace.atlassian.com/apps/1222753/user-mentioned-jql?tab=overview","unknown","unknown","unknown","unknown","unknown"
"126","Issue Feedback and Surveys for Jira","net.gcore.plugins.wgfeedback-marketplace","Globo Solutions","38","6213","2","4.375","2026-04-01T07:57:06.544Z","2026-04-01","false","300","1600","3000","Create own surveys and collect issue feedback","https://marketplace.atlassian.com/apps/1220452/issue-feedback-and-surveys-for-jira?tab=overview","unknown","unknown","unknown","unknown","unknown"
"127","C4J for Confluence Page Preview In Jira","com.methoda.plugins.pagePreview4Jira","Methoda","36","7074","4","5","2026-07-07T08:28:04.963Z","2025-07-08","false","2400","2400","12000","Better Confluence to Jira Integration, C4J allows users to Create, Edit and View Confluence content directly in Jira","https://marketplace.atlassian.com/apps/1222263/c4j-for-confluence-page-preview-in-jira?tab=overview","unknown","unknown","unknown","unknown","unknown"
"128","STAGIL Project Creator for Jira","com.stagil.jira.plugins.projects","STAGIL by catworkx","36","8347","3","5","2025-12-11T11:47:11.348Z","2025-11-04","false","450","2640","4000","Create or clone projects, epics and issues with predefined structures based on templates. Bulk clone & delegated project creation","https://marketplace.atlassian.com/apps/1214778/stagil-project-creator-for-jira?tab=overview","unknown","unknown","unknown","unknown","unknown"
"129","WebBooster for Jira","de.accxia.jira.apps.booster.WebBooster","Accxia","36","3812","3","4.5833335","2025-12-11T11:31:58.795Z","2025-04-29","false","300","900","3000","Speed Up Jira Page Loading/Fix super batch.js caching issue in Jira","https://marketplace.atlassian.com/apps/1222217/webbooster-for-jira?tab=overview","unknown","unknown","unknown","unknown","unknown"
"130","Customizable Announcements for Jira","com.jibrok.jira.plugins.banner","JiBrok","36","5397","2","5","2026-02-09T19:27:33.807Z","2026-02-09","false","150","1500","2400","Configure users and groups to show announcement banner, start and stop times, html message. Banners work with Service Desk pages","https://marketplace.atlassian.com/apps/1220965/customizable-announcements-for-jira?tab=overview","unknown","unknown","unknown","unknown","unknown"
"131","WebPush Notifications for Jira","fam.atlas.push.jira-push","Itransition Group","34","3281","3","4.1666665","2025-12-11T11:01:00.773Z","2025-03-28","false","125","500","1200","Get your Push notifications for Jira Events on Desktop and Mobile","https://marketplace.atlassian.com/apps/1217784/webpush-notifications-for-jira?tab=overview","unknown","unknown","unknown","unknown","unknown"
"132","Translate Field Options for Jira","com.devoog.jira.plugin.translateFields","Adaptavist","34","5412","2","3.75","2025-12-11T11:28:15.641Z","2025-11-05","false","300","1350","1800","The app for translating Jira Software custom field options into multiple languages","https://marketplace.atlassian.com/apps/1217749/translate-field-options-for-jira?tab=overview","unknown","unknown","unknown","unknown","unknown"
"133","User Avatar","com.nh.jira.UserAvatar","Pitronote","33","4391","11","4.659091","2025-12-11T11:11:34.414Z","2023-10-10","false","70","150","240","Add an avatar image to all user picker custom fields","https://marketplace.atlassian.com/apps/1218255/user-avatar?tab=overview","unknown","unknown","unknown","unknown","unknown"
"134","Pin Comments And Attachments","com.acidoranges.pincomments.pincomments","Sevidev","33","4991","2","5","2026-05-12T09:27:18.461Z","2026-05-12","false","100","400","1000","Easily pin comments and attachments, control access with admin permissions & find pinned comments via JQL","https://marketplace.atlassian.com/apps/1223490/pin-comments-and-attachments?tab=overview","unknown","unknown","unknown","unknown","unknown"
"135","SmartHandler - Email logic for Jira","com.forty8fiftylabs.plugins.atlassian.smarthandler_for_mail","Forty8Fifty Labs","33","8735","4","4.0625","2026-03-02T18:39:45.556Z","2026-03-02","false","800","4100","5600","Advanced Email Decisioning, Routing, and Automation for Jira and Jira Service Desk","https://marketplace.atlassian.com/apps/1217871/smarthandler-email-logic-for-jira?tab=overview","unknown","unknown","unknown","unknown","unknown"
"136","Teamworkx Push and Pull Favorites","de.catworkx.jira.plugins.push_pull_favorites","catworkx GmbH","33","6917","2","2.5","2026-02-11T12:44:09.684Z","2025-10-09","false","200","800","1400","Distribute Dashboards and Filters as Favorites","https://marketplace.atlassian.com/apps/1212516/teamworkx-push-and-pull-favorites?tab=overview","unknown","unknown","unknown","unknown","unknown"
"137","Group Delegate & Creation Management for Jira","com.jibrok.atlassian.jira.plugins.delegating-group-management","JiBrok","32","4813","2","5","2026-07-06T09:12:03.977Z","2026-07-06","false","150","1500","3000","Empower non-admin Jira users: Delegate group management, control membership & create new groups effortlessly","https://marketplace.atlassian.com/apps/1220878/group-delegate-creation-management-for-jira?tab=overview","unknown","unknown","unknown","unknown","unknown"
"138","SuggestiMate for Jira","com.suggestimate","Enhancera, LLC","32","11204","9","3.4722223","2026-01-07T21:32:20.339Z","2026-01-07","false","400","1000","1600","Eliminate duplicate issues","https://marketplace.atlassian.com/apps/22805/suggestimate-for-jira?tab=overview","unknown","unknown","unknown","unknown","unknown"
"139","Table Custom Fields for Jira","com.akeles.jira.plugins.TableCustomFields","Akeles Consulting","32","5346","3","3.3333333","2026-07-06T09:16:20.170Z","2026-07-06","false","200","500","1200","Capturing key info or baselines during workflow changes","https://marketplace.atlassian.com/apps/1217624/table-custom-fields-for-jira?tab=overview","unknown","unknown","unknown","unknown","unknown"
"140","easeTest - Test Management for Jira (formerly T4J)","com.easesolutions.jira.plugins.testmanagement","Ease Solutions Consulting GmbH","31","7201","4","5","2026-05-06T09:02:02.073Z","2026-05-06","false","900","4400","7600","Integrated Test Management with test case definition, plan creation, seamless execution, parameter control, and coverage tracking","https://marketplace.atlassian.com/apps/1216229/easetest-test-management-for-jira-formerly-t4j?tab=overview","unknown","unknown","unknown","unknown","unknown"
"141","mO SSO connector for Crowd and Jira","com.miniorange.jira.crowd.jira-crowd-sso","miniOrange","31","6978","1","5","2025-12-16T10:28:36.899Z","2025-12-15","false","300","1800","3500","Single Sign On (SSO) into Jira using your SAML 2.0 compliant IDP through Crowd","https://marketplace.atlassian.com/apps/1220053/mo-sso-connector-for-crowd-and-jira?tab=overview","unknown","unknown","unknown","unknown","unknown"
"142","Agile Board Template Builder for Jira","com.wittified.jira.agile-board-template-builder","Appfire","31","5922","1","5","2026-04-01T10:16:40.598Z","2026-04-01","false","425","2400","4800","Create and configure Kanban and Scrum board templates that your team can use to create their own agile boards in Jira","https://marketplace.atlassian.com/apps/1216038/agile-board-template-builder-for-jira?tab=overview","unknown","unknown","unknown","unknown","unknown"
"143","Custom Field Pack","com.addonrock.jira.custom-field-pack","Addonrock Sp. z o.o.","30","5503","3","5","2025-12-11T11:48:09.891Z","2025-10-03","false","300","2000","4500","Extend your JIRA with a large variety of custom fields, linked issue details, todo list, regexp validation, shields field","https://marketplace.atlassian.com/apps/1218356/custom-field-pack?tab=overview","unknown","unknown","unknown","unknown","unknown"
"144","TemplateMe! - Customized notifications","com.atsistemas.jira.addons.template-me","knowmad mood","30","6532","9","3.8888888","2025-12-11T11:54:41.562Z","2025-12-10","false","800","3000","4000","Easily personalize Jira's notification email templates","https://marketplace.atlassian.com/apps/1215727/templateme-customized-notifications?tab=overview","unknown","unknown","unknown","unknown","unknown"
"145","OrgWise-Organization and Report for Jira","com.shdsd.plugin.organizationPro","DragonSoft","29","6291","10","5","2026-05-23T13:52:55.557Z","2026-05-23","false","500","2500","7500","Allow the creation of organization tree in Jira to extend the capability of Jira user management and reporting","https://marketplace.atlassian.com/apps/1217979/orgwise-organization-and-report-for-jira?tab=overview","unknown","unknown","unknown","unknown","unknown"
"146","Attachments Manager for Jira","com.infosysta.jira.JAM","Infosysta Apps","29","9060","15","4.1666665","2025-12-11T10:59:38.914Z","2025-09-29","false","225","600","1050","Effortlessly manage, label, export, and filter attachments in Jira, your ultimate attachment management solution","https://marketplace.atlassian.com/apps/1214890/attachments-manager-for-jira?tab=overview","unknown","unknown","unknown","unknown","unknown"
"147","My UI Toolkit - JS, CSS and UX Extensions for Jira","addonix.jira.plugins.ui-toolkit","Addonix","29","1646","3","5","2026-03-12T17:27:59.065Z","2026-03-12","false","500","2000","2750","Smart JavaScript and CSS Includer - enhance and personalize your Jira experience. User Picker Avatar, Select2 Fields","https://marketplace.atlassian.com/apps/1237446/my-ui-toolkit-js-css-and-ux-extensions-for-jira?tab=overview","unknown","unknown","unknown","unknown","unknown"
"148","Insight Assets Cloud Migration Assistant","ge.twinit.llc.twinitmigration","Twinit","29","2746","0","0","2026-07-02T17:47:48.066Z","2026-04-22","false","1230","12300","44280","The only app that migrates JSM Assets schemas completely — fields, relationships, and all","https://marketplace.atlassian.com/apps/1231241/insight-assets-cloud-migration-assistant?tab=overview","unknown","unknown","unknown","unknown","unknown"
"149","LaTeX Math for Jira Data Center","com.fulstech.jira-latex","Fulstech","29","4001","0","0","2026-01-28T05:21:27.938Z","2026-01-28","false","300","1500","3000","LaTeX for Math in Jira. Supports Summary, Description, Comments, plain-text fields. Install easily, LaTeX engine NOT required","https://marketplace.atlassian.com/apps/1215859/latex-math-for-jira-data-center?tab=overview","unknown","unknown","unknown","unknown","unknown"
"150","SCM Changesets Activity for Jira","com.tse.jira.scmactivitylite.plugin.jira-scm-activity-lite-plugin","ILA eSolution","28","5049","4","5","2026-01-12T06:45:33.332Z","2026-01-12","false","50","300","1350","One plugin for Jira integration with all the SCM systems like GitHub, GitLab, Perforce, Subversion, Bitbucket","https://marketplace.atlassian.com/apps/1219973/scm-changesets-activity-for-jira?tab=overview","unknown","unknown","unknown","unknown","unknown"
"151","WeCom (WeChat Work) for Jira Service Management","com.shdsd.plugin.weChatWork","DragonSoft","26","5065","8","4.53125","2025-12-11T11:39:12.686Z","2025-10-29","false","5000","15000","18000","WeCom (WeChat Work) Connector for Jira Service Management","https://marketplace.atlassian.com/apps/1223240/wecom-wechat-work-for-jira-service-management?tab=overview","unknown","unknown","unknown","unknown","unknown"
"152","ReceiveMe! - Email handler for Jira","com.atsistemas.jira.addons.receive-me","knowmad mood","26","5327","6","4.375","2025-12-11T11:40:18.892Z","2024-12-18","false","300","950","1300","Powerful and customizable email handler for Jira","https://marketplace.atlassian.com/apps/1215842/receiveme-email-handler-for-jira?tab=overview","unknown","unknown","unknown","unknown","unknown"
"153","TraceabilityX for Jira","es.excentia.jira.plugins.jira-traceabilityx-plugin","excentia","25","9831","18","4.3055553","2026-01-13T10:27:41.261Z","2026-01-13","false","100","600","1000","Trace your issues types to discover your traceability matrix","https://marketplace.atlassian.com/apps/1211138/traceabilityx-for-jira?tab=overview","unknown","unknown","unknown","unknown","unknown"
"154","User Picker Avatar for Jira","com.itlab.jira.plugins.user-picker-avatar","it.Lab","25","5409","2","5","2025-12-11T11:37:44.560Z","2025-08-14","false","80","110","150","Avatars for User Picker Custom Fields","https://marketplace.atlassian.com/apps/1217698/user-picker-avatar-for-jira?tab=overview","unknown","unknown","unknown","unknown","unknown"
"155","Status Colors for Jira","com.itlab.jira.plugins.status-colors","it.Lab","25","3186","1","5","2025-12-11T11:17:27.685Z","2025-09-06","false","65","500","880","Change the status colors and patterns to effectively manage application","https://marketplace.atlassian.com/apps/1231693/status-colors-for-jira?tab=overview","unknown","unknown","unknown","unknown","unknown"
"156","Vivid Trace for Jira","vivid.trace","Vivid Inc.","24","7385","8","4.53125","2025-12-23T01:12:41.004Z","2025-12-23","false","4096","10923","21066","Equip your project leaders, delivery managers, and Scrum masters with precision tools for radically better dependency mapping","https://marketplace.atlassian.com/apps/1212548/vivid-trace-for-jira?tab=overview","unknown","unknown","unknown","unknown","unknown"
"157","Power Dashboards, Reports & Gadgets","com.cprime.jira.plugins.reporting","Appfire","24","8877","2","5","2026-03-30T10:15:16.243Z","2026-03-30","false","300","3250","7000","Perform complex calculations, reporting visualizations, pre-built reports. Create reports using HTML, CSS and JavaScript","https://marketplace.atlassian.com/apps/1221097/power-dashboards-reports-gadgets?tab=overview","unknown","unknown","unknown","unknown","unknown"
"158","SQL Reporter for Jira","com.akelesconsulting.jira.plugins.SQLReporter","Akeles Consulting","24","4893","2","5","2025-12-11T11:58:28.725Z","2025-08-21","false","200","800","1400","Generate reports using SQL queries","https://marketplace.atlassian.com/apps/1217627/sql-reporter-for-jira?tab=overview","unknown","unknown","unknown","unknown","unknown"
"159","Satisfaction survey for Jira by Ovyka","com.ovyka.jira.satisfaction","Ovyka","24","5217","3","4.1666665","2025-12-11T12:02:51.998Z","2025-07-09","false","344","840","2400","Discover how to optimize your service levels continuously from adapted customer feedback","https://marketplace.atlassian.com/apps/1215527/satisfaction-survey-for-jira-by-ovyka?tab=overview","unknown","unknown","unknown","unknown","unknown"
"160","SCIM User Provisioning for Jira","com.luxplugins.jira.plugin.scim-user-provisioning","LuxPlugins","24","5593","1","5","2026-01-06T15:24:43.128Z","2026-01-06","false","10","250","900","SCIM, Create/update/disable/enable users, adding/removing users to/from groups, user sync, group sync, user provisioning","https://marketplace.atlassian.com/apps/1219723/scim-user-provisioning-for-jira?tab=overview","unknown","unknown","unknown","unknown","unknown"
"161","NotifyMe! - Send emails from Jira issues","com.atsistemas.jira.addons.notify-me","knowmad mood","23","5100","5","5","2025-12-11T11:00:19.180Z","2025-01-14","false","200","600","800","Send custom messages to any email address from Jira issues","https://marketplace.atlassian.com/apps/1215848/notifyme-send-emails-from-jira-issues?tab=overview","unknown","unknown","unknown","unknown","unknown"
"162","GDPR for Service Management","net.veniture.jsd.gdpr.JSDPR","DC Factory","23","7054","5","4.25","2026-06-17T22:00:10.679Z","2026-06-17","false","4100","22700","54200","Complying with GDPR (DSGVO) requirements for Jira SM e.g. Account Deletion, User Anonymisation, Privacy Policy Changes","https://marketplace.atlassian.com/apps/1219079/gdpr-for-service-management?tab=overview","unknown","unknown","unknown","unknown","unknown"
"163","Bulk User Creator for Jira","uk.co.commercecomputing.users","Commerce Computing Limited","23","5707","6","2.7083333","2025-12-11T12:00:54.467Z","2024-08-28","false","55","165","220","Create multiple Jira users from a CSV file in just a few simple steps","https://marketplace.atlassian.com/apps/1213066/bulk-user-creator-for-jira?tab=overview","unknown","unknown","unknown","unknown","unknown"
"164","Portal Styler for JSM","de.accxia.apps.jira.enhancedportal.PortalStyler","Accxia","23","4335","0","0","2025-12-11T11:26:12.632Z","2025-04-29","false","575","1750","3000","Style it your own","https://marketplace.atlassian.com/apps/1220685/portal-styler-for-jsm?tab=overview","unknown","unknown","unknown","unknown","unknown"
"165","Issue Preview for Jira","com.lifeincodes.issue-preview-for-jira","Life in Codes","22","4733","6","4.375","2026-04-23T15:06:25.106Z","2026-04-23","false","270","1350","2700","Get the information you need faster by simply hovering over the issue key","https://marketplace.atlassian.com/apps/1220952/issue-preview-for-jira?tab=overview","unknown","unknown","unknown","unknown","unknown"
"166","Microsoft Teams Connector for Jira","net.gsolution.plugins.jira-msteams-connector","Globo Solutions","22","5722","2","3.125","2026-05-06T11:06:53.521Z","2026-05-06","false","120","1000","2400","Send automated notifications from Jira to Microsoft Teams","https://marketplace.atlassian.com/apps/1221427/microsoft-teams-connector-for-jira?tab=overview","unknown","unknown","unknown","unknown","unknown"
"167","Canned Issues","com.porzelt.jira.simpletemplates.CannedIssues","Maximilian Porzelt","21","4218","3","4.6666665","2026-07-04T08:39:21.108Z","2026-07-04","false","40","400","1000","Create templates for issues in Jira Core, Software and Service Desk","https://marketplace.atlassian.com/apps/1222237/canned-issues?tab=overview","unknown","unknown","unknown","unknown","unknown"
"168","easeContext - Context Manager for Jira","com.easesolutions.jira.plugins.customfields.project-field-manager","Ease Solutions Consulting GmbH","21","6291","2","5","2026-06-09T08:52:17.722Z","2026-06-09","false","170","1050","2150","Allow Project Admins to manage the context of custom fields without system admin rights","https://marketplace.atlassian.com/apps/1213372/easecontext-context-manager-for-jira?tab=overview","unknown","unknown","unknown","unknown","unknown"
"169","SAML (SSO) Single Sign-On for Jira","eu.toimproveit.saml.jira.SAML4JIRA","2improveIT","21","4996","2","4.375","2026-03-04T09:51:37.167Z","2026-03-04","false","220","1200","1600","Use your SAML IdP Server for Single SignOn / SSO","https://marketplace.atlassian.com/apps/1215766/saml-sso-single-sign-on-for-jira?tab=overview","unknown","unknown","unknown","unknown","unknown"
"170","Toolbox for Jira Service Management","com.kostebekteknoloji.plugins.jira.jira-service-desk-toolbox","Köstebek Teknoloji","21","6629","0","0","2025-12-11T10:59:03.150Z","2025-09-29","false","400","1200","2250","Provides Statable Customer Request Type​ for Gadgets and Elapsed, Goal and Remaining times for JSM SLA Fields with diff. formats","https://marketplace.atlassian.com/apps/1215375/toolbox-for-jira-service-management?tab=overview","unknown","unknown","unknown","unknown","unknown"
"171","Custom Epic Panel","net.seibertmedia.jira.plugins.epic-panel-plugin","Seibert","20","5554","0","0","2026-01-19T15:06:34.041Z","2026-01-16","false","70","875","1400","Enable multiple issue types to use Epic functionality","https://marketplace.atlassian.com/apps/1220416/custom-epic-panel?tab=overview","unknown","unknown","unknown","unknown","unknown"
"172","Issue Printer for Jira","com.tngtech.jira.plugins.issueprinter","TNG Technology Consulting GmbH","18","8624","4","5","2026-03-24T14:51:53.444Z","2026-03-24","false","634","2139","3644","Print asset stickers & agile cards that link back to Jira issues via QR codes. Create custom print templates using HTML and CSS","https://marketplace.atlassian.com/apps/1212668/issue-printer-for-jira?tab=overview","unknown","unknown","unknown","unknown","unknown"
"173","Ultimate Requests (for Jira Service Management)","com.prontop.extra-fields-for-jira-service-desk","aety aps","18","5499","4","4.0625","2026-06-30T09:18:18.611Z","2026-06-30","false","900","1700","2700","Add extra fields to the Service Management requests page, column sorting, additional search filters and CSV export","https://marketplace.atlassian.com/apps/1219214/ultimate-requests-for-jira-service-management?tab=overview","unknown","unknown","unknown","unknown","unknown"
"174","Groups Plus - Attributes and delegated management","com.almarise.gpp","Almarise","18","4610","3","3.75","2026-06-24T08:58:42.582Z","2026-06-24","false","110","600","900","Group attributes & metadata, Group membership management delegation, configurable Group Picker","https://marketplace.atlassian.com/apps/1224998/groups-plus-attributes-and-delegated-management?tab=overview","unknown","unknown","unknown","unknown","unknown"
"175","Issue Archiver & Attachment Housekeeper for Jira","com.akeles.jira.plugins.issue-archiver","Akeles Consulting","18","4387","1","5","2026-05-20T03:16:20.444Z","2026-05-19","false","300","1500","2100","Addressing data compliance, performance and storage needs with ever-growing Jira instances","https://marketplace.atlassian.com/apps/1217514/issue-archiver-attachment-housekeeper-for-jira?tab=overview","unknown","unknown","unknown","unknown","unknown"
"176","Maintenance for Jira","com.itlab.jira.plugins.maintenance-mode","it.Lab","17","2644","1","5","2025-12-11T11:33:22.727Z","2025-08-14","false","65","500","880","Perform maintenance efficiently while Jira is still running","https://marketplace.atlassian.com/apps/1232094/maintenance-for-jira?tab=overview","unknown","unknown","unknown","unknown","unknown"
"177","SLA Timer for Jira","com.jplugs.slatimer","jPlugs","17","6335","2","3.75","2026-01-23T18:57:33.107Z","2026-01-23","false","500","1500","3000","Easy Service Level Agreements for customers and vendors","https://marketplace.atlassian.com/apps/1215592/sla-timer-for-jira?tab=overview","unknown","unknown","unknown","unknown","unknown"
"178","Maintenance Mode for Jira (the Original)","com.accxia.jira.plugins.maintenance.Maintenance","Accxia","16","4041","0","0","2025-12-11T11:26:25.042Z","2025-04-16","false","460","620","800","'Maintenance Mode for Jira' - Backend based, control and prevent user access during Changes or Upgrades to your Jira Instance","https://marketplace.atlassian.com/apps/1218590/maintenance-mode-for-jira-the-original?tab=overview","unknown","unknown","unknown","unknown","unknown"
"179","Alert Catcher - Zabbix SIEM integration with Jira","biz.softlist.catcher.AlertCatcher","Softlist Sp. z o.o.","15","4527","3","5","2026-02-27T13:25:08.096Z","2025-03-17","false","100","1035","3055","Connect your SIEM (Security Information and Event Management) with Jira. Support connection with McAfee, Zabbix, Paessler PRTG","https://marketplace.atlassian.com/apps/1221707/alert-catcher-zabbix-siem-integration-with-jira?tab=overview","unknown","unknown","unknown","unknown","unknown"
"180","Keychain - Delegation for Jira","tr.com.obss.atlassian.delegation","OBSS","15","4170","2","5","2026-07-02T17:56:30.817Z","2026-03-04","false","188","1000","1875","The most comprehensive Jira solution to delegate permissions and approvals & build out of office scenarios","https://marketplace.atlassian.com/apps/1225037/keychain-delegation-for-jira?tab=overview","unknown","unknown","unknown","unknown","unknown"
"181","Agent Extensions for Service Management","net.veniture.jira.vAgent","DC Factory","15","5457","2","5","2026-06-03T10:58:05.815Z","2026-06-03","false","4100","22700","54200","Improve the overview for agents in order to keep track of budgets and similar issues, context menu in queues, guest service portal","https://marketplace.atlassian.com/apps/1219769/agent-extensions-for-service-management?tab=overview","unknown","unknown","unknown","unknown","unknown"
"182","User Auditor for Jira","com.akeles.jira.plugins.JiraUserAuditor","Akeles Consulting","15","3762","1","5","2026-06-23T07:59:06.994Z","2026-06-23","false","500","800","1200","Export user project access permissions for all Jira projects to an Excel report for enterprise security compliance & access review","https://marketplace.atlassian.com/apps/1225092/user-auditor-for-jira?tab=overview","unknown","unknown","unknown","unknown","unknown"
"183","AI Issue Breakdown Assistant for Jira (Cloud & Private AI)","com.deview-studios.atlassian.jira.ai-issue-generator","Deview Studios","15","1657","0","0","2026-07-06T12:17:29.001Z","2026-07-06","false","400","3358","8153","Generate detailed user stories and test cases out of existing issues, using AI","https://marketplace.atlassian.com/apps/1234593/ai-issue-breakdown-assistant-for-jira-cloud-private-ai?tab=overview","unknown","unknown","unknown","unknown","unknown"
"184","Bulk Approvals for Jira Service Management","com.akeles.jira.plugins.servicedesk-approval","Akeles Consulting","14","4107","3","5","2026-05-05T07:36:44.897Z","2026-05-05","false","200","800","1500","Easier and Faster approvals with Clarity and Context","https://marketplace.atlassian.com/apps/1225095/bulk-approvals-for-jira-service-management?tab=overview","unknown","unknown","unknown","unknown","unknown"
"185","StoryPoints & Agile Tools for Jira","de.accxia.apps.jira.sw.tools.StoryPoints","Accxia","14","3156","1","5","2025-12-11T11:38:19.303Z","2023-03-01","false","80","350","500","Let’s stick to the (Story) Point - Improve Agile Estimation","https://marketplace.atlassian.com/apps/1220390/storypoints-agile-tools-for-jira?tab=overview","unknown","unknown","unknown","unknown","unknown"
"186","Zones","at.celix.jira.plugins.zones","celix Solutions GmbH","14","6932","1","5","2026-04-02T11:45:15.957Z","2026-04-02","false","375","2250","3000","Easily Manage Access for Customers and Suppliers and Responsiblities for Teams","https://marketplace.atlassian.com/apps/603936/zones?tab=overview","unknown","unknown","unknown","unknown","unknown"
"187","Amazon S3 Connector for Jira","org.hotovo.jira.amazon-s3-storage-connector-for-jira","TeamOps FACTORY (Solumiss Group)","13","4833","2","5","2026-03-04T00:01:52.980Z","2026-03-03","false","250","1000","2000","Link, manage, upload, rename and delete files from Amazon S3 Buckets or any S3 On-Premise Object Storages directly in Jira","https://marketplace.atlassian.com/apps/1213711/amazon-s3-connector-for-jira?tab=overview","unknown","unknown","unknown","unknown","unknown"
"188","Project Documentation for Jira","com.itlab.jira.plugins.project-documentation","it.Lab","13","3178","1","5","2026-03-18T14:49:06.952Z","2026-03-17","false","65","500","880","Automatically generate complete Jira project documentation containing all necessary information","https://marketplace.atlassian.com/apps/1231449/project-documentation-for-jira?tab=overview","unknown","unknown","unknown","unknown","unknown"
"189","Issue Link Filter for Jira","com.itlab.jira.plugins.issue-linked-event","it.Lab","13","6524","1","5","2025-12-11T11:44:01.528Z","2025-10-04","false","100","400","700","Freely filter links between issues and fire missing Issue Linked Events","https://marketplace.atlassian.com/apps/1217660/issue-link-filter-for-jira?tab=overview","unknown","unknown","unknown","unknown","unknown"
"190","User Directory API for Jira","nl.avisi.atlassian.user-directory-api","Avisi Apps bv","12","4125","4","5","2026-01-12T11:06:27.091Z","2026-01-12","false","200","1200","4800","The #1 User Directory API app: Get a list of directories | Get a list of users in a directory | Sync the directory instantly","https://marketplace.atlassian.com/apps/1212839/user-directory-api-for-jira?tab=overview","unknown","unknown","unknown","unknown","unknown"
"191","Mirrorlake Excel Importer","eu.mirrorlake.plugins.jira2excel","Mirrorlake Software","12","3562","1","5","2026-01-14T15:48:27.131Z","2026-01-14","false","110","600","1200","Connect Excel to Jira® and import ticket data directly to your worksheet","https://marketplace.atlassian.com/apps/1214371/mirrorlake-excel-importer?tab=overview","unknown","unknown","unknown","unknown","unknown"
"192","QR Issue Card Printer for Jira","jiraissuecardprinter.jiraissuecardprinter","Sngular","11","5878","4","4.0625","2026-07-02T17:50:18.974Z","2026-04-02","false","500","2000","4000","Keep the digital and real world connected with QR codes","https://marketplace.atlassian.com/apps/1215049/qr-issue-card-printer-for-jira?tab=overview","unknown","unknown","unknown","unknown","unknown"
"193","Vamhi Labele - Colored labels for Jira","com.vamhi.labele","Vamhi","11","2386","0","0","2026-04-13T10:51:28.226Z","2026-04-13","false","100","120","250","Revitalize Your Jira Workflow with Colorful Labels: Organize, Prioritize, and Thrive","https://marketplace.atlassian.com/apps/1231706/vamhi-labele-colored-labels-for-jira?tab=overview","unknown","unknown","unknown","unknown","unknown"
"194","Watermark for Jira and JSM","com.shdsd.plugin.watermarkForJira","DragonSoft","11","2572","0","0","2026-04-15T05:16:17.772Z","2026-04-15","false","300","1000","2000","Add watermark to Jira pages, protect the copyright and increase the security of information","https://marketplace.atlassian.com/apps/1229495/watermark-for-jira-and-jsm?tab=overview","unknown","unknown","unknown","unknown","unknown"
"195","Idea Hub - Initiatives and Product Discovery in Jira","com.almarise.apps.idea-hub","Almarise","11","4838","0","0","2025-12-11T11:10:49.255Z","2025-07-25","false","750","4000","5000","Turn your Jira into an easy-to-use Idea Management platform, driving ideation and innovation, to improve your products & services","https://marketplace.atlassian.com/apps/1223686/idea-hub-initiatives-and-product-discovery-in-jira?tab=overview","unknown","unknown","unknown","unknown","unknown"
"196","Easy List Edit (for Jira)","net.koncis.listedit","Condoctor ApS","11","3868","0","0","2026-03-04T16:03:30.178Z","2026-03-04","false","90","500","1500","In-line editing of fields in Jira Search list, DashBoard list, Subtask and Epic lists - Excel style","https://marketplace.atlassian.com/apps/1220249/easy-list-edit-for-jira?tab=overview","unknown","unknown","unknown","unknown","unknown"
"197","UnStoppable for Jira","com.addteq.jira.plugin.accessibility.addteq-jira-unstoppable","Addteq Inc","11","6886","0","0","2026-07-02T17:31:11.765Z","2026-05-26","false","300","2400","8400","Unstoppable enhances Jira accessibility and helps with 508, A11y, WCAG 2.1, BitV compliance. NVDA, JAWS, and Voiceover compatible","https://marketplace.atlassian.com/apps/1214187/unstoppable-for-jira?tab=overview","unknown","unknown","unknown","unknown","unknown"
"198","LoginFree for Jira Service Management","de.accxia.apps.jira.loginfree.LoginFree4JSD","Accxia","10","5463","8","4.375","2026-01-14T10:09:15.815Z","2025-04-14","false","1250","3950","5250","LoginFree for Jira Service Management - Server. Get the ""login-free portal"" Experience as known from Jira Cloud","https://marketplace.atlassian.com/apps/1219927/loginfree-for-jira-service-management?tab=overview","unknown","unknown","unknown","unknown","unknown"
"199","Optimize","com.porzelt.jira.optimize.Optimize","Maximilian Porzelt","10","3907","3","5","2025-12-11T11:19:53.248Z","2024-06-24","false","40","400","1000","Optimize contains bunch of features for Jira to boost team productivity and efficiency","https://marketplace.atlassian.com/apps/1223194/optimize?tab=overview","unknown","unknown","unknown","unknown","unknown"
"200","Feedback and Voting for JSM","io.aety.favfjsd","aety aps","10","4054","3","5","2025-12-11T11:00:30.347Z","2025-09-19","false","2400","3700","5800","Feedback & Voting for Jira Service Management lets your customers vote and provide feedback through an intuitive portal interface","https://marketplace.atlassian.com/apps/1221630/feedback-and-voting-for-jsm?tab=overview","unknown","unknown","unknown","unknown","unknown"
"201","Custom Fields Administrator For Jira Project","com.methoda.plugins.administerFields","Methoda","10","4169","1","5","2026-06-24T16:42:16.554Z","2026-06-24","false","200","1000","3000","Grant permissions to Project Admins to manage their screens and custom fields. Update fields values, options and description","https://marketplace.atlassian.com/apps/1221078/custom-fields-administrator-for-jira-project?tab=overview","unknown","unknown","unknown","unknown","unknown"
"202","Teamworkx Connector for Jira","de.catworkx.jira.plugins.scheduled-operations-layer","catworkx GmbH","10","5002","0","0","2026-02-11T12:43:40.015Z","2025-10-16","false","1000","5000","7000","Enabler for a Jira-centered Enterprise Application Integration","https://marketplace.atlassian.com/apps/1222448/teamworkx-connector-for-jira?tab=overview","unknown","unknown","unknown","unknown","unknown"
"203","STAGIL Database Synchronizer","de.stagil.jira.stagil-database-sync","STAGIL by catworkx","9","7098","5","5","2026-06-11T10:14:04.975Z","2026-06-11","false","450","2640","4000","Create and synchronize Jira issues and assets from SQL databases or CSV files","https://marketplace.atlassian.com/apps/1217370/stagil-database-synchronizer?tab=overview","unknown","unknown","unknown","unknown","unknown"
"204","User Groups Sync for Jira","com.ila.esolution.jira.adgroupsync.plugin.jira-ad-group-sync-plugin","ILA eSolution","9","4425","3","5","2026-01-12T06:51:38.007Z","2026-01-12","false","25","250","600","Synchronize LDAP, Azure, Okta and Google Directory security access groups and mail list users membership to Jira groups","https://marketplace.atlassian.com/apps/1219971/user-groups-sync-for-jira?tab=overview","unknown","unknown","unknown","unknown","unknown"
"205","Issue Read Status","net.veniture.jira.read-indicator","DC Factory","9","4506","5","3","2025-12-11T11:29:03.283Z","2025-11-19","false","4100","12400","31700","Mark issues as read, easily find updated issues","https://marketplace.atlassian.com/apps/1219494/issue-read-status?tab=overview","unknown","unknown","unknown","unknown","unknown"
"206","InstaPrinta - Issue Print Templates for Jira","net.seibertmedia.jira.plugin.instaprinta","Seibert","8","7053","7","5","2026-01-16T19:12:31.571Z","2026-01-16","false","280","1050","1330","Lightning fast paper card printouts of your Jira issues from PDF","https://marketplace.atlassian.com/apps/1212340/instaprinta-issue-print-templates-for-jira?tab=overview","unknown","unknown","unknown","unknown","unknown"
"207","Herzum Quick Linker","com.herzum.jira.plugins.herzum-quick-linker","Herzum","8","8298","4","5","2025-12-11T11:52:20.791Z","2025-05-20","false","850","2450","3050","Quick Linker makes issue relationship management easy. Create, link and sync issues quickly, even across multiple Jira instances","https://marketplace.atlassian.com/apps/1211491/herzum-quick-linker?tab=overview","unknown","unknown","unknown","unknown","unknown"
"208","jCMDB Asset Management","com.whitesoftware.jira.cmdb-extensions","White Software","8","4800","4","4.375","2026-02-09T21:12:29.331Z","2026-02-09","false","500","3000","6000","jCMDB Asset Management plug-in is beyond integration, it is born in Jira","https://marketplace.atlassian.com/apps/1216228/jcmdb-asset-management?tab=overview","unknown","unknown","unknown","unknown","unknown"
"209","AWS SSO ALB & Amazon Authentication for Jira User Sync","de.resolution.albauth.jira","resolution Reichert Network Solutions GmbH","8","5548","1","5","2026-07-02T17:45:56.597Z","2026-02-03","false","750","4500","6000","Authenticate, create, and update users in Confluence using HTTP headers sent by Amazon AWS Load Balancer for maximum security","https://marketplace.atlassian.com/apps/1224457/aws-sso-alb-amazon-authentication-for-jira-user-sync?tab=overview","unknown","unknown","unknown","unknown","unknown"
"210","Cycle Time Gadgets: Time in Status, Trend report for Jira","net.brokenbuild.dc.cycle-time","Broken Build","8","1169","0","0","2026-06-17T11:34:29.552Z","2026-06-17","false","200","1050","1800","Time in Status, Histogram, Trend, Control charts: cycle/lead/resolution time metrics. SLA/Scrum/Kanban analytics on Jira Dashboard","https://marketplace.atlassian.com/apps/1235431/cycle-time-gadgets-time-in-status-trend-report-for-jira?tab=overview","unknown","unknown","unknown","unknown","unknown"
"211","Checklist Custom Field for Jira Data Center","com.fulstech.jira-checklist","Fulstech","8","3715","0","0","2026-02-13T12:30:39.046Z","2026-02-13","false","82","687","1320","An elegant way to keep track of work in Jira issues","https://marketplace.atlassian.com/apps/1224147/checklist-custom-field-for-jira-data-center?tab=overview","unknown","unknown","unknown","unknown","unknown"
"212","Identity Federation for AWS (Jira)","net.utoolity.atlassian.jira.identity-federation-for-aws-jira","Utoolity","8","6452","0","0","2026-05-09T17:50:20.870Z","2026-05-09","false","400","1900","4500","Single sign-on (SSO) to AWS resources – grant users and apps fine-grained Amazon Web Services access for your DevOps workflows","https://marketplace.atlassian.com/apps/1212483/identity-federation-for-aws-jira?tab=overview","unknown","unknown","unknown","unknown","unknown"
"213","Delegated Administration for Jira","com.pitronote.jira.Delegated_Administration","Pitronote","7","3831","2","5","2026-03-30T14:36:11.865Z","2026-03-30","false","400","1500","2250","Delegate admin permissions to regular users, give users to add/remove users groups, control field values, create projects and user","https://marketplace.atlassian.com/apps/1222751/delegated-administration-for-jira?tab=overview","unknown","unknown","unknown","unknown","unknown"
"214","HTTP Header Authentication for Jira","de.resolution.httpheaderauth.jira","resolution Reichert Network Solutions GmbH","7","4833","2","5","2026-07-02T17:46:01.851Z","2026-02-02","false","600","600","2400","Use Authentication HTTP headers in Jira","https://marketplace.atlassian.com/apps/1221625/http-header-authentication-for-jira?tab=overview","unknown","unknown","unknown","unknown","unknown"
"215","Hiding sections and fields, read-only fields","kz.als.hiding_sections_and_fields","ALS Development","7","1290","1","5","2025-12-11T11:55:43.873Z","2025-10-15","false","40","300","1300","Hide important data with ease and flexibility","https://marketplace.atlassian.com/apps/1235044/hiding-sections-and-fields-read-only-fields?tab=overview","unknown","unknown","unknown","unknown","unknown"
"216","Custom User Profile Attributes for Jira","com.miniorange.userprofile.jira.userprofile-jira","miniOrange","7","2085","1","5","2025-12-11T11:46:05.982Z","2025-06-27","false","350","1250","2250","Enhance your Jira User Profiles by creating custom profile attributes & sync attribute automatically from LDAP active directory","https://marketplace.atlassian.com/apps/1228737/custom-user-profile-attributes-for-jira?tab=overview","unknown","unknown","unknown","unknown","unknown"
"217","Burnup Burndown chart gadget (forecast on Jira DC Dashboard)","net.brokenbuild.dc.burn-chart","Broken Build","7","926","0","0","2026-06-05T12:27:29.045Z","2026-06-05","false","200","1050","1800","Epic/initiative/release/sprint progress reports & advanced forecast scenarios. Sprint burndown/burnup chart. On Jira Dashboard","https://marketplace.atlassian.com/apps/1236677/burnup-burndown-chart-gadget-forecast-on-jira-dc-dashboard?tab=overview","unknown","unknown","unknown","unknown","unknown"
"218","Assets History for Jira","asset-history","SaaSJet","7","1197","0","0","2026-05-13T14:33:59.097Z","2026-05-13","false","173","600","1650","Enhance Jira asset tracking with recording comprehensive objects history. Get one-stop access to audit who made changes and when","https://marketplace.atlassian.com/apps/1235061/assets-history-for-jira?tab=overview","unknown","unknown","unknown","unknown","unknown"
"219","Terms and Conditions for Jira","com.glintech.jira.plugins.terms-and-conditions-for-jira","GLiNTECH - a Valiantys company","7","4317","0","0","2026-03-03T05:36:30.634Z","2026-03-03","false","750","2550","3850","Terms and Conditions or Acceptable Use Policy - For Jira","https://marketplace.atlassian.com/apps/1221131/terms-and-conditions-for-jira?tab=overview","unknown","unknown","unknown","unknown","unknown"
"220","Automation with AWS (Jira)","net.utoolity.atlassian.jira.automation-with-aws-jira","Utoolity","7","5847","0","0","2026-05-09T18:43:22.012Z","2026-05-09","false","400","1900","4500","Remote actions and conditions with Amazon Web Services – automate your DevOps workflows from Jira Service Management and Jira","https://marketplace.atlassian.com/apps/1216067/automation-with-aws-jira?tab=overview","unknown","unknown","unknown","unknown","unknown"
"221","OSLC Connector for Jira","de.mid.oslc-connector-for-jira","MID GmbH","6","4872","1","5","2026-05-22T09:47:32.111Z","2026-05-22","false","1000","10000","14000","Link Jira issues with artifacts of IBM Jazz or well-known modeling tools leveraging OSLC","https://marketplace.atlassian.com/apps/1222299/oslc-connector-for-jira?tab=overview","unknown","unknown","unknown","unknown","unknown"
"222","MiniWiki - file & wiki explorer for Jira","eu.kyona.miniwiki","kyona group","6","4101","1","5","2025-12-11T11:38:52.628Z","2025-07-21","false","400","1800","3500","Organize your ""work in progress"" documents and find attachments in Jira","https://marketplace.atlassian.com/apps/1216965/miniwiki-file-wiki-explorer-for-jira?tab=overview","unknown","unknown","unknown","unknown","unknown"
"223","Teamworkx Configuration Publisher","de.catworkx.jira.plugins.project-configuration-publisher","catworkx GmbH","6","4214","0","0","2026-03-02T10:36:36.670Z","2026-03-02","false","400","1600","2800","Export the entire project configuration of all your Jira projects or a single Jira project to Confluence or different export files","https://marketplace.atlassian.com/apps/1221516/teamworkx-configuration-publisher?tab=overview","unknown","unknown","unknown","unknown","unknown"
"224","Alfresco Connector for Jira","jp.ricksoft.plugins.alfresco-for-jira","Ricksoft, Inc.","5","5621","5","4.75","2026-05-12T09:09:29.396Z","2026-05-12","false","2000","6000","9000","Alfresco Connector for Jira","https://marketplace.atlassian.com/apps/1215364/alfresco-connector-for-jira?tab=overview","unknown","unknown","unknown","unknown","unknown"
"225","Sync to Jira","com.shdsd.plugin.sync-to-jira","DragonSoft","5","2321","1","5","2025-12-11T11:07:46.257Z","2025-09-08","false","1200","3500","5500","Establish flexible unidirectional and bi-directional synchronization across multiple Jira instances","https://marketplace.atlassian.com/apps/1231805/sync-to-jira?tab=overview","unknown","unknown","unknown","unknown","unknown"
"226","Advanced Issue History","com.sevidev.advanced.issue.history","Sevidev","5","2125","0","0","2026-06-02T08:27:37.651Z","2026-06-02","false","100","500","850","Get a clear view of issue changes in Jira with the 'Advanced Activity' tab, including date, author, and field details","https://marketplace.atlassian.com/apps/1230264/advanced-issue-history?tab=overview","unknown","unknown","unknown","unknown","unknown"
